{
  "title": "Example Drone Show",
  "layers": [
    {
      "id": "layer_01_square",
      "name": "Square Formation",
      "type": "custom",
      "duration": 4000,
      "points": [
        { "x": -100, "y": -100, "z": 0, "color": "#FCB131" },
        { "x": 100, "y": -100, "z": 0, "color": "#FF0000" },
        { "x": 100, "y": 100, "z": 0, "color": "#FF0000" },
        { "x": -100, "y": 100, "z": 0, "color": "#FF0000" },
        
        { "x": -100, "y": -100, "z": 0, "color": "#FF0000" },
        { "x": -80, "y": -100, "z": 0, "color": "#FF0000" },
        { "x": -60, "y": -100, "z": 0, "color": "#FF0000" },
        { "x": -40, "y": -100, "z": 0, "color": "#FF0000" },
        { "x": -20, "y": -100, "z": 0, "color": "#FF0000" },
        { "x": 0, "y": -100, "z": 0, "color": "#FF0000" },
        { "x": 20, "y": -100, "z": 0, "color": "#FF0000" },
        { "x": 40, "y": -100, "z": 0, "color": "#FF0000" },
        { "x": 60, "y": -100, "z": 0, "color": "#FF0000" },
        { "x": 80, "y": -100, "z": 0, "color": "#FF0000" },
        { "x": 100, "y": -100, "z": 0, "color": "#FF0000" },

        { "x": 100, "y": -100, "z": 0, "color": "#FF0000" },
        { "x": 100, "y": -80, "z": 0, "color": "#FF0000" },
        { "x": 100, "y": -60, "z": 0, "color": "#FF0000" },
        { "x": 100, "y": -40, "z": 0, "color": "#FF0000" },
        { "x": 100, "y": -20, "z": 0, "color": "#FF0000" },
        { "x": 100, "y": 0, "z": 0, "color": "#FF0000" },
        { "x": 100, "y": 20, "z": 0, "color": "#FF0000" },
        { "x": 100, "y": 40, "z": 0, "color": "#FF0000" },
        { "x": 100, "y": 60, "z": 0, "color": "#FF0000" },
        { "x": 100, "y": 80, "z": 0, "color": "#FF0000" },
        { "x": 100, "y": 100, "z": 0, "color": "#FF0000" },

        { "x": 100, "y": 100, "z": 0, "color": "#FF0000" },
        { "x": 80, "y": 100, "z": 0, "color": "#FF0000" },
        { "x": 60, "y": 100, "z": 0, "color": "#FF0000" },
        { "x": 40, "y": 100, "z": 0, "color": "#FF0000" },
        { "x": 20, "y": 100, "z": 0, "color": "#FF0000" },
        { "x": 0, "y": 100, "z": 0, "color": "#FF0000" },
        { "x": -20, "y": 100, "z": 0, "color": "#FF0000" },
        { "x": -40, "y": 100, "z": 0, "color": "#FF0000" },
        { "x": -60, "y": 100, "z": 0, "color": "#FF0000" },
        { "x": -80, "y": 100, "z": 0, "color": "#FF0000" },
        { "x": -100, "y": 100, "z": 0, "color": "#FF0000" },

        { "x": -100, "y": 100, "z": 0, "color": "#FF0000" },
        { "x": -100, "y": 80, "z": 0, "color": "#FF0000" },
        { "x": -100, "y": 60, "z": 0, "color": "#FF0000" },
        { "x": -100, "y": 40, "z": 0, "color": "#FF0000" },
        { "x": -100, "y": 20, "z": 0, "color": "#FF0000" },
        { "x": -100, "y": 0, "z": 0, "color": "#FF0000" },
        { "x": -100, "y": -20, "z": 0, "color": "#FF0000" },
        { "x": -100, "y": -40, "z": 0, "color": "#FF0000" },
        { "x": -100, "y": -60, "z": 0, "color": "#FF0000" },
        { "x": -100, "y": -80, "z": 0, "color": "#FF0000" },
        { "x": -100, "y": -100, "z": 0, "color": "#FF0000" }
      ]
    },
    {
      "id": "layer_02_triangle",
      "name": "Triangle Formation",
      "type": "custom",
      "duration": 4000,
      "points": [
        { "x": 0, "y": 150, "z": 0, "color": "#00FF00" },
        { "x": -150, "y": -100, "z": 0, "color": "#00FF00" },
        { "x": 150, "y": -100, "z": 0, "color": "#00FF00" },
        
        { "x": 0, "y": 150, "z": 0, "color": "#00FF00" },
        { "x": -15, "y": 135, "z": 0, "color": "#00FF00" },
        { "x": -30, "y": 120, "z": 0, "color": "#00FF00" },
        { "x": -45, "y": 105, "z": 0, "color": "#00FF00" },
        { "x": -60, "y": 90, "z": 0, "color": "#00FF00" },
        { "x": -75, "y": 75, "z": 0, "color": "#00FF00" },
        { "x": -90, "y": 60, "z": 0, "color": "#00FF00" },
        { "x": -105, "y": 45, "z": 0, "color": "#00FF00" },
        { "x": -120, "y": 30, "z": 0, "color": "#00FF00" },
        { "x": -135, "y": 15, "z": 0, "color": "#00FF00" },
        { "x": -150, "y": -100, "z": 0, "color": "#00FF00" },
        
        { "x": -150, "y": -100, "z": 0, "color": "#00FF00" },
        { "x": -120, "y": -100, "z": 0, "color": "#00FF00" },
        { "x": -90, "y": -100, "z": 0, "color": "#00FF00" },
        { "x": -60, "y": -100, "z": 0, "color": "#00FF00" },
        { "x": -30, "y": -100, "z": 0, "color": "#00FF00" },
        { "x": 0, "y": -100, "z": 0, "color": "#00FF00" },
        { "x": 30, "y": -100, "z": 0, "color": "#00FF00" },
        { "x": 60, "y": -100, "z": 0, "color": "#00FF00" },
        { "x": 90, "y": -100, "z": 0, "color": "#00FF00" },
        { "x": 120, "y": -100, "z": 0, "color": "#00FF00" },
        { "x": 150, "y": -100, "z": 0, "color": "#00FF00" },

        { "x": 150, "y": -100, "z": 0, "color": "#00FF00" },
        { "x": 135, "y": -75, "z": 0, "color": "#00FF00" },
        { "x": 120, "y": -50, "z": 0, "color": "#00FF00" },
        { "x": 105, "y": -25, "z": 0, "color": "#00FF00" },
        { "x": 90, "y": 0, "z": 0, "color": "#00FF00" },
        { "x": 75, "y": 25, "z": 0, "color": "#00FF00" },
        { "x": 60, "y": 50, "z": 0, "color": "#00FF00" },
        { "x": 45, "y": 75, "z": 0, "color": "#00FF00" },
        { "x": 30, "y": 100, "z": 0, "color": "#00FF00" },
        { "x": 15, "y": 125, "z": 0, "color": "#00FF00" },
        { "x": 0, "y": 150, "z": 0, "color": "#00FF00" }
      ]
    },
    {
      "id": "layer_03_sphere_custom",
      "name": "Custom Sphere",
      "type": "custom",
      "duration": 5000,
      "points": [
        { "x": 0, "y": 0, "z": 150, "color": "#0000FF" },
        { "x": 0, "y": 0, "z": -150, "color": "#0000FF" },
        { "x": 150, "y": 0, "z": 0, "color": "#0000FF" },
        { "x": -150, "y": 0, "z": 0, "color": "#0000FF" },
        { "x": 0, "y": 150, "z": 0, "color": "#0000FF" },
        { "x": 0, "y": -150, "z": 0, "color": "#0000FF" },
        
        { "x": 106, "y": 0, "z": 106, "color": "#0000FF" },
        { "x": -106, "y": 0, "z": 106, "color": "#0000FF" },
        { "x": 106, "y": 0, "z": -106, "color": "#0000FF" },
        { "x": -106, "y": 0, "z": -106, "color": "#0000FF" },

        { "x": 0, "y": 106, "z": 106, "color": "#0000FF" },
        { "x": 0, "y": -106, "z": 106, "color": "#0000FF" },
        { "x": 0, "y": 106, "z": -106, "color": "#0000FF" },
        { "x": 0, "y": -106, "z": -106, "color": "#0000FF" },

        { "x": 106, "y": 106, "z": 0, "color": "#0000FF" },
        { "x": -106, "y": 106, "z": 0, "color": "#0000FF" },
        { "x": 106, "y": -106, "z": 0, "color": "#0000FF" },
        { "x": -106, "y": -106, "z": 0, "color": "#0000FF" }
      ]
    }
  ]
}
